,video_id,nb_textbloc
0,VIDEO_7602656035161050390,1
1,VIDEO_7590718903144287510,3
2,VIDEO_7571821778746592534,2
3,VIDEO_7569927329154190614,0
4,VIDEO_7566270741134462230,11
5,VIDEO_7536170254989315350,2
6,VIDEO_7520640970199698710,0
7,VIDEO_7496799936558796054,0
8,VIDEO_7487960173529582870,1
9,VIDEO_7478712216724802838,1
10,VIDEO_7470850262840691990,1
11,VIDEO_7424512450856357153,5
12,VIDEO_7416286728513735968,2
13,VIDEO_7374727208394411297,5
14,VIDEO_7361057454454508833,4
15,VIDEO_7343975400122354977,4
16,VIDEO_7322847358646078752,3
17,VIDEO_7311689753676533024,5
18,VIDEO_7307595143559859488,0
19,VIDEO_7298756408994991393,1
20,VIDEO_7272755309658098976,3
21,VIDEO_7226766521719213338,0
22,VIDEO_7224139299594194203,8
23,VIDEO_7208566584535764250,0
24,VIDEO_7205976379370851589,3
25,VIDEO_7177404002508803334,4
26,VIDEO_7164792237543394566,3
27,VIDEO_7162183685423385862,2
28,VIDEO_7153997940774882565,2
29,VIDEO_7143619564775968006,1
30,VIDEO_7138043316087606533,2
31,VIDEO_7114705253899029765,2
32,VIDEO_7107270367303044358,2
33,VIDEO_7101685930276293894,2
34,VIDEO_7096121724990655749,2
35,VIDEO_7079814734664436998,4
36,VIDEO_7071272731286834437,4
37,VIDEO_7067569943449046278,2
38,VIDEO_7063121025394855173,0
39,VIDEO_7023313220278553862,3
40,VIDEO_7019559155425955077,0
41,VIDEO_6958797242429934854,5
42,VIDEO_6940653001791130885,0
43,VIDEO_6927911225066130693,2
44,VIDEO_6896446483080482050,3
45,VIDEO_6893888228848389377,1
46,VIDEO_6891645296233794817,3
47,VIDEO_6883561429727726850,4
48,VIDEO_6876362124260691202,1
49,VIDEO_6874890977631390978,2
50,VIDEO_6855731886438763781,5
51,VIDEO_6852640471013920006,0
52,VIDEO_6847902541095668997,0
53,VIDEO_6802558843114114310,0
54,VIDEO_7603743614157458710,0
55,VIDEO_7595972634450431254,0
56,VIDEO_7587402623129636118,1
57,VIDEO_7587440240327937302,4
58,VIDEO_7584845578429828375,3
59,VIDEO_7581822570454879510,0
60,VIDEO_7579299127637363990,0
61,VIDEO_7580305629634399510,3
62,VIDEO_7578925701114481942,5
63,VIDEO_7577797962017918230,1
64,VIDEO_7576309328584592643,0
65,VIDEO_7575167976853228822,0
66,VIDEO_7574884067729050902,3
67,VIDEO_7572598154063990038,3
68,VIDEO_7567386738709073174,3
69,VIDEO_7566939859156290838,0
70,VIDEO_7565890573115165974,0
71,VIDEO_7563265888623840534,0
72,VIDEO_7556999098637880598,3
73,VIDEO_7551795663772798211,0
74,VIDEO_7549089036447649046,5
75,VIDEO_7547744113433627926,4
76,VIDEO_7542538735116684566,1
77,VIDEO_7541326779697564930,2
78,VIDEO_7539973950877584662,0
79,VIDEO_7535846854743821590,0
80,VIDEO_7535846685101149462,0
81,VIDEO_7535846060476976406,3
82,VIDEO_7535476048444558614,1
83,VIDEO_7535123405562006806,0
84,VIDEO_7533124404062981398,2
85,VIDEO_7532382235463339286,1
86,VIDEO_7528433357093358870,0
87,VIDEO_7510479503592901910,4
88,VIDEO_7509512878026788118,5
89,VIDEO_7504668782045039894,0
90,VIDEO_7495322095065238806,2
91,VIDEO_7494238893546474774,1
92,VIDEO_7490222588883422486,0
93,VIDEO_7488220279244623126,1
94,VIDEO_7486138878026321174,2
95,VIDEO_7483898615803612418,0
96,VIDEO_7480918194438278422,0
97,VIDEO_7480563839319264534,0
98,VIDEO_7471286673494527254,3
99,VIDEO_7470532387223407904,2
100,VIDEO_7468709057516326177,0
101,VIDEO_7468323433714126112,0
102,VIDEO_7466109584952855840,2
103,VIDEO_7463198577188146464,0
104,VIDEO_7458328611213298976,4
105,VIDEO_7451579890048027937,1
106,VIDEO_7443846446362774817,3
107,VIDEO_7436439641298865441,3
108,VIDEO_7423318018853178657,0
109,VIDEO_7414073681992895776,0
110,VIDEO_7397062762150513952,1
111,VIDEO_7395189160081935649,0
112,VIDEO_7350221322317761825,3
113,VIDEO_7343530174526377249,3
114,VIDEO_7336238126651706656,2
115,VIDEO_7329933240775527713,0
116,VIDEO_7329526946751089953,0
117,VIDEO_7316851921288006944,0
118,VIDEO_7300927450463194400,5
119,VIDEO_7297177472615861536,2
120,VIDEO_7296855348714016033,2
121,VIDEO_7290823677195603233,3
122,VIDEO_7261565962875358491,0
123,VIDEO_7260104911830945051,4
124,VIDEO_7257874855037586714,2
125,VIDEO_7210751695771553030,5
126,VIDEO_7193808719287766278,2
127,VIDEO_7192709681280781574,5
128,VIDEO_7191884217595219206,0
129,VIDEO_7190283346373610757,0
130,VIDEO_7184460864404229381,4
131,VIDEO_7183681305203330309,4
132,VIDEO_7171449726158589189,2
133,VIDEO_7168916057166597382,0
134,VIDEO_7164397666472873222,0
135,VIDEO_7161354120849427717,2
136,VIDEO_7143175958978186502,0
137,VIDEO_7132514036276628742,1
138,VIDEO_7124374690520419590,0
139,VIDEO_7094270154275605765,1
140,VIDEO_6958338154617228549,0
141,VIDEO_6955364241213771014,1
142,VIDEO_6921604099553119494,4
143,VIDEO_7604808799404264726,1
144,VIDEO_7603273994216738070,4
145,VIDEO_7596993704146046230,0
146,VIDEO_7593041331174362390,0
147,VIDEO_7589754729350155542,0
148,VIDEO_7587308013363449121,2
149,VIDEO_7583720650200730902,2
150,VIDEO_7577768828214512918,4
151,VIDEO_7575831202117045526,1
152,VIDEO_7574767270392532246,0
153,VIDEO_7572922723836431638,1
154,VIDEO_7569206708090850582,0
155,VIDEO_7568382003330993430,3
156,VIDEO_7566297785914412310,3
157,VIDEO_7563724139240885526,4
158,VIDEO_7556661292233379075,0
159,VIDEO_7553924193562266902,0
160,VIDEO_7553554500972367107,5
161,VIDEO_7545446733921209622,5
162,VIDEO_7537707440142454038,0
163,VIDEO_7480851478555659543,0
164,VIDEO_7478288153153916182,0
165,VIDEO_7476404323317222658,0
166,VIDEO_7474625701350509846,0
167,VIDEO_7473095088948759830,9
168,VIDEO_7471251146288418070,0
169,VIDEO_7468715378743528736,0
170,VIDEO_7467231080735690017,0
171,VIDEO_7466117788898315552,0
172,VIDEO_7465375886779403552,0
173,VIDEO_7463520186876939552,0
174,VIDEO_7458325240628661537,0
175,VIDEO_7456840693982465312,0
176,VIDEO_7454985264952266016,0
177,VIDEO_7452758752337399073,0
178,VIDEO_7452387800818666785,0
179,VIDEO_7449430237114404128,0
180,VIDEO_7444595106025442593,0
181,VIDEO_7441626192760884513,0
182,VIDEO_7440465091817999649,3
183,VIDEO_7437536576072125728,0
184,VIDEO_7436650165861141792,1
185,VIDEO_7436403924350864672,3
186,VIDEO_7436044441170857249,0
187,VIDEO_7434931188642352417,0
188,VIDEO_7433817907278269729,0
189,VIDEO_7431168865142328608,0
190,VIDEO_7429720640111791392,0
191,VIDEO_7428251635102534945,0
192,VIDEO_7425965869924142369,1
193,VIDEO_7423773390932135201,0
194,VIDEO_7414443436134223137,0
195,VIDEO_7412540786975231264,5
196,VIDEO_7410298388022824225,2
197,VIDEO_7407736509996043553,3
198,VIDEO_7399196283501628705,3
199,VIDEO_7394351547376880929,0
200,VIDEO_7392856168214957345,5
201,VIDEO_7390632928780340512,6
202,VIDEO_7388867149407849760,1
203,VIDEO_7387308322162052385,0
204,VIDEO_7386194546062839073,0
205,VIDEO_7382166710029208865,5
206,VIDEO_7381115594076146977,9
207,VIDEO_7379227737271094561,8
208,VIDEO_7379193504355978528,0
209,VIDEO_7378467106636991777,6
210,VIDEO_7377004580510436641,0
211,VIDEO_7376630682824576289,2
212,VIDEO_7374412100833250593,0
213,VIDEO_7374072615356353825,0
214,VIDEO_7369936386000031009,3
215,VIDEO_7367273018181160224,0
216,VIDEO_7366603470272515361,2
217,VIDEO_7365841944318086432,0
218,VIDEO_7365161137324805408,0
219,VIDEO_7363657122795490593,9
220,VIDEO_7361799258107841825,9
221,VIDEO_7361030582446378272,9
222,VIDEO_7358723892992642336,0
223,VIDEO_7356509644170333473,1
224,VIDEO_7355765566625402144,3
225,VIDEO_7354275810578140449,8
226,VIDEO_7354009165796216097,1
227,VIDEO_7353535610641976609,2
228,VIDEO_7352233957276044577,0
229,VIDEO_7351779832969104673,1
230,VIDEO_7350954462992682272,2
231,VIDEO_7350708094302735649,11
232,VIDEO_7350207537771220256,1
233,VIDEO_7348717316856712480,5
234,VIDEO_7348379737519082784,1
235,VIDEO_7346110636008475937,2
236,VIDEO_7345543122400726305,1
237,VIDEO_7344270149593091361,1
238,VIDEO_7343256943923858720,2
239,VIDEO_7340916267571858721,1
240,VIDEO_7338052242651598112,0
241,VIDEO_7337268516128591136,5
242,VIDEO_7335091592077856032,1
243,VIDEO_7332835826579164449,1
244,VIDEO_7331811695360363809,2
245,VIDEO_7331415350828911904,3
246,VIDEO_7330883086684622112,0
247,VIDEO_7329423244992236832,1
248,VIDEO_7328709134126206241,2
249,VIDEO_7326123173311728929,0
250,VIDEO_7325724813115346208,0
251,VIDEO_7324696131143847201,3
252,VIDEO_7324283735749266721,3
253,VIDEO_7323972466445946145,0
254,VIDEO_7323612868484631840,4
255,VIDEO_7323108113698147616,3
256,VIDEO_7320909330314775840,3
257,VIDEO_7320159598290226464,3
258,VIDEO_7319513643534568736,4
259,VIDEO_7318707614332849441,0
260,VIDEO_7317664309432077600,3
261,VIDEO_7317307650499251488,1
262,VIDEO_7316470398261021985,1
263,VIDEO_7316159323728661792,0
264,VIDEO_7312076882822909217,1
265,VIDEO_7311663059695570208,3
266,VIDEO_7311263969220644129,1
267,VIDEO_7310626433129270560,1
268,VIDEO_7310258308969991457,3
269,VIDEO_7309427596553489696,4
270,VIDEO_7309091598472727840,1
271,VIDEO_7308758430318071072,2
272,VIDEO_7306585450305555745,0
273,VIDEO_7304665669872782625,1
274,VIDEO_7303586993965960480,0
275,VIDEO_7303174310259166497,9
276,VIDEO_7302346370701118752,2
277,VIDEO_7302041138670619936,7
278,VIDEO_7301229129314159904,1
279,VIDEO_7300846195444927776,3
280,VIDEO_7300495910595808545,3
281,VIDEO_7299732621825690912,6
282,VIDEO_7298264093100674336,1
283,VIDEO_7297134358689860896,2
284,VIDEO_7296115605927644449,4
285,VIDEO_7294901504752782625,3
286,VIDEO_7294149539781463328,1
287,VIDEO_7293176268361665824,8
288,VIDEO_7292048482456587553,1
289,VIDEO_7291300657355689249,8
290,VIDEO_7290955653349133600,8
291,VIDEO_7290457107726339360,2
292,VIDEO_7289785625367153952,1
293,VIDEO_7288326750243704096,2
294,VIDEO_7287986771483282720,2
295,VIDEO_7285256841158790433,3
296,VIDEO_7284876929713442080,0
297,VIDEO_7283524894585883936,0
298,VIDEO_7283139399582240032,0
299,VIDEO_7282663509505133856,0
300,VIDEO_7281279828307856673,1
301,VIDEO_7280571511138782496,1
302,VIDEO_7280108212878200096,1
303,VIDEO_7279032970286009632,2
304,VIDEO_7277939332831251744,0
305,VIDEO_7276041559500475680,0
306,VIDEO_7274647533002034465,0
307,VIDEO_7271935381937884448,0
308,VIDEO_7270111755886415137,0
309,VIDEO_7269759073967525153,5
310,VIDEO_7265326628274752801,0
311,VIDEO_7264958192017362208,0
312,VIDEO_7264173669612670240,3
313,VIDEO_7262342975752113441,2
314,VIDEO_7262001980095106337,0
315,VIDEO_7259455690996075803,3
316,VIDEO_7259047429796908315,3
317,VIDEO_7258676118033599771,10
318,VIDEO_7256066819247623450,1
319,VIDEO_7254561581449612571,3
320,VIDEO_7253425216984976667,0
321,VIDEO_7252685251112176922,3
322,VIDEO_7246768104922008858,1
323,VIDEO_7245708272181759258,0
324,VIDEO_7245239505911893274,0
325,VIDEO_7244550731141844251,4
326,VIDEO_7242719682128530714,2
327,VIDEO_7242348894435167514,6
328,VIDEO_7241956873698577691,6
329,VIDEO_7241209133540609307,2
330,VIDEO_7239735340737498395,1
331,VIDEO_7239344688006728986,8
332,VIDEO_7238235896724704538,9
333,VIDEO_7237872414581935386,2
334,VIDEO_7237511650532773146,4
335,VIDEO_7237120496020573467,8
336,VIDEO_7236760874646637851,4
337,VIDEO_7236382869650689306,1
338,VIDEO_7236043111128894747,1
339,VIDEO_7235651777805290778,0
340,VIDEO_7235266120414924058,1
341,VIDEO_7234782434531839258,4
342,VIDEO_7233784589523717402,0
343,VIDEO_7233472157588753691,0
344,VIDEO_7233097610821700890,3
345,VIDEO_7230327665918512411,2
346,VIDEO_7229342870518385946,1
347,VIDEO_7228975701066550554,0
348,VIDEO_7227881339125583131,4
349,VIDEO_7227547227005209882,0
350,VIDEO_7227138868447923482,6
351,VIDEO_7226734943869750555,4
352,VIDEO_7226428593075752218,5
353,VIDEO_7226043488738069787,3
354,VIDEO_7225632323146943771,0
355,VIDEO_7225296808900152603,4
356,VIDEO_7224934115089370395,0
357,VIDEO_7223080468101483781,1
358,VIDEO_7221875155184733445,1
359,VIDEO_7221552853356236037,7
360,VIDEO_7219686321739123974,0
361,VIDEO_7218857185764216069,3
362,VIDEO_7218493650160897306,1
363,VIDEO_7218219061707033882,0
364,VIDEO_7215656408069442822,3
365,VIDEO_7215124561799449861,1
366,VIDEO_7214767845383900421,0
367,VIDEO_7213655175318211845,1
368,VIDEO_7213453348270378246,4
369,VIDEO_7213053350290459910,0
370,VIDEO_7211932492914298118,2
371,VIDEO_7211431817205878021,0
372,VIDEO_7211130311667715334,0
373,VIDEO_7210434710646836485,3
374,VIDEO_7209925340557348101,4
375,VIDEO_7208839545989762309,1
376,VIDEO_7208539932422425861,9
377,VIDEO_7207350500419702022,7
378,VIDEO_7204907848449527045,4
379,VIDEO_7203810617180933382,1
380,VIDEO_7203048812351327494,7
381,VIDEO_7202313398300724485,3
382,VIDEO_7201579247616494853,0
383,VIDEO_7198831282984324358,2
384,VIDEO_7198189694750838022,5
385,VIDEO_7197445468585037062,5
386,VIDEO_7196711667420384517,2
387,VIDEO_7195937456271691014,4
388,VIDEO_7195215450970606853,4
389,VIDEO_7192298503878577413,3
390,VIDEO_7191848035784117510,0
391,VIDEO_7188587993752702213,6
392,VIDEO_7184844462525287685,4
393,VIDEO_7184090635018784005,1
394,VIDEO_7183009043407965445,0
395,VIDEO_7181547992061676805,2
396,VIDEO_7179688144382512390,0
397,VIDEO_7177655896699325702,0
398,VIDEO_7176917454893911301,3
399,VIDEO_7172555111879757062,0
400,VIDEO_7164772525006720262,0
401,VIDEO_7143162692004482310,0
402,VIDEO_7137227107456879877,1
403,VIDEO_7135716231218318597,0
404,VIDEO_7133481707449142533,0
405,VIDEO_7130906655885102341,0
406,VIDEO_7130612533437762821,0
407,VIDEO_7129505006046170373,0
408,VIDEO_7127182082568113413,0
409,VIDEO_7116439198285958405,3
410,VIDEO_7113851055355596038,3
411,VIDEO_7112440653350571269,0
412,VIDEO_7108997263912979717,0
413,VIDEO_7104552926231743749,18
414,VIDEO_7103816728982916357,1
415,VIDEO_7101649191662882053,0
416,VIDEO_7100934148864494854,0
417,VIDEO_7098701138203069702,0
418,VIDEO_7095721528142155014,0
419,VIDEO_7088619536202648837,0
420,VIDEO_7078227199463066886,0
421,VIDEO_7077571361660521733,0
422,VIDEO_7070162555695615237,0
423,VIDEO_7068640088774741254,4
424,VIDEO_7067063225736580357,0
425,VIDEO_7059301793574046982,0
426,VIDEO_7041273346830454022,0
427,VIDEO_7040300833019415813,0
428,VIDEO_7036035511869246725,0
429,VIDEO_7013121880366255365,0
430,VIDEO_6969101040918465798,0
431,VIDEO_7532594185912847638,0
432,VIDEO_7524347836541046038,0
433,VIDEO_7518292077080268054,0
434,VIDEO_7508716246301510914,0
435,VIDEO_7506795063012232470,3
436,VIDEO_7506217095441435926,0
437,VIDEO_7505058159258504470,0
438,VIDEO_7502082897935928598,2
439,VIDEO_7500926454671232278,0
440,VIDEO_7495455289882184982,0
441,VIDEO_7490268698918309142,0
442,VIDEO_7486391346727537942,6
443,VIDEO_7479158367873748246,0
444,VIDEO_7478407463675481366,0
445,VIDEO_7472755159945252118,0
446,VIDEO_7467247804717550870,0
447,VIDEO_7459483581803482390,0
448,VIDEO_7457155091238259990,0
449,VIDEO_7455422115802565910,0
450,VIDEO_7450928915159190806,0
451,VIDEO_7448354400998853910,0
452,VIDEO_7447200750096223510,0
453,VIDEO_7446429495948594454,0
454,VIDEO_7444926040855661846,0
455,VIDEO_7443866656956255510,0
456,VIDEO_7440567441777757472,0
457,VIDEO_7439661735742557472,1
458,VIDEO_7439269165111725345,1
459,VIDEO_7436892906801073441,3
460,VIDEO_7421851827794152737,2
461,VIDEO_7418157210896698657,0
462,VIDEO_7269755991049260320,0
463,VIDEO_7253058884762537242,2
464,VIDEO_7252274964206832923,0
465,VIDEO_7250832194392886554,0
466,VIDEO_7245283945619655963,0
467,VIDEO_7239748390974704922,1
468,VIDEO_7226711933150432538,0
469,VIDEO_7202909898219326725,0
470,VIDEO_7192172787723783430,0
471,VIDEO_7148719596487363845,5
472,VIDEO_7510326060676975894,1
473,VIDEO_7494590607797554454,2
474,VIDEO_7494205664135236886,0
475,VIDEO_7483554122663234838,0
476,VIDEO_7475642830430522646,1
477,VIDEO_7471186366500539670,3
478,VIDEO_7467520617160396054,1
479,VIDEO_7464890614258158870,0
480,VIDEO_7463516081081027862,0
481,VIDEO_7460568175726398742,0
482,VIDEO_7458380266004843798,1
483,VIDEO_7456101045601570070,0
484,VIDEO_7453132168940915991,0
485,VIDEO_7453016788465454358,0
486,VIDEO_7452742967695002902,0
487,VIDEO_7444856032486116630,0
488,VIDEO_7439301301864877344,0
489,VIDEO_7397696022975188257,1
490,VIDEO_7395222817677085985,1
491,VIDEO_7384844059896057120,0
492,VIDEO_7384476119744974112,2
493,VIDEO_7384098121715813664,0
494,VIDEO_7379994182741429536,0
495,VIDEO_7371436708778315041,2
496,VIDEO_7369882061445926177,2
497,VIDEO_7361717788299250976,0
498,VIDEO_7351084194061126945,2
499,VIDEO_7343665662876781856,0
500,VIDEO_7333568243367431456,0
501,VIDEO_7332865581789629729,0
502,VIDEO_7332521954538245408,1
503,VIDEO_7325764964172467489,2
504,VIDEO_7282668264617004321,0
505,VIDEO_7273016085954317600,1
506,VIDEO_7261658279900744987,0
507,VIDEO_7259307845332602139,1
508,VIDEO_7252374564108274970,0
509,VIDEO_7252271385467161882,0
510,VIDEO_7251996103178997018,2
511,VIDEO_7249813717225950490,0
512,VIDEO_7249677053153283354,3
513,VIDEO_7249312172956732698,2
514,VIDEO_7246805127942737178,1
515,VIDEO_7246672390841715995,0
516,VIDEO_7246343164108295450,3
517,VIDEO_7246301041979886875,0
518,VIDEO_7245182525016935707,1
519,VIDEO_7244559099352976666,0
520,VIDEO_7242237385772240155,9
521,VIDEO_7241878874672385306,0
522,VIDEO_7236674356540165402,3
523,VIDEO_7221070563538717957,5
524,VIDEO_7216240671097736454,3
525,VIDEO_7216007272311344390,0
526,VIDEO_7215611067286703366,0
527,VIDEO_7210806075354811654,3
528,VIDEO_7205961411942468870,4
529,VIDEO_7205134218328902917,0
530,VIDEO_7191896362630302981,0
531,VIDEO_7190655063470116101,0
532,VIDEO_7176549919933664517,0
533,VIDEO_7164417550791494918,3
534,VIDEO_7163942959916895493,0
535,VIDEO_7161307348827426053,0
536,VIDEO_7158890098770119942,0
537,VIDEO_7152911692282809606,0
538,VIDEO_7137955446320565510,0
539,VIDEO_7125703838497131781,2
540,VIDEO_7115325407318052102,0
541,VIDEO_7114675214583155973,0
542,VIDEO_7114309168302984454,0
543,VIDEO_7110099088661548293,0
544,VIDEO_7107863534549110022,0
545,VIDEO_7096387117462359302,0
546,VIDEO_7094149805496159494,4
547,VIDEO_7091569180054490373,0
548,VIDEO_7085631257542954246,0
549,VIDEO_7080545682058169605,0
550,VIDEO_7076134412487855366,0
551,VIDEO_7072774694214044934,0
552,VIDEO_7070176633931549958,0
553,VIDEO_7069805338601606406,0
554,VIDEO_7067959925141474565,0
555,VIDEO_7067578500101803269,0
556,VIDEO_7057846707651939590,0
557,VIDEO_7051617295818362117,0
558,VIDEO_7040071170363788550,0
559,VIDEO_7036282180816932102,0
560,VIDEO_6944298636553604358,2
561,VIDEO_6943534360066804998,0
562,VIDEO_6940187794534960389,0
563,VIDEO_6919872357288971521,0
564,VIDEO_7597370054556011798,0
565,VIDEO_7591860205567151382,0
566,VIDEO_7590299923803884803,0
567,VIDEO_7587833111010954518,0
568,VIDEO_7587702184708558102,2
569,VIDEO_7586610643130764566,1
570,VIDEO_7580401530428394775,1
571,VIDEO_7579238923172547842,2
572,VIDEO_7572235624627899670,0
573,VIDEO_7572223162520177942,0
574,VIDEO_7572210786991344918,1
575,VIDEO_7572210750937107734,2
576,VIDEO_7569964600523853078,4
577,VIDEO_7565230748026899734,0
578,VIDEO_7558085942557347094,2
579,VIDEO_7556260834817723670,0
580,VIDEO_7555760932794764566,3
581,VIDEO_7554403190200945942,0
582,VIDEO_7553663983383858454,0
583,VIDEO_7549175046128831766,0
584,VIDEO_7547707789863406870,0
585,VIDEO_7542515768215211286,0
586,VIDEO_7538370537211432214,0
587,VIDEO_7538076349500689666,0
588,VIDEO_7535840388725378306,0
589,VIDEO_7529912051498552598,0
590,VIDEO_7528398053666016534,0
591,VIDEO_7523190975850679554,2
592,VIDEO_7518400955877199127,0
593,VIDEO_7517305745210232086,0
594,VIDEO_7516934430083091734,0
595,VIDEO_7515834191922072854,0
596,VIDEO_7514700901009886486,0
597,VIDEO_7512478582627732758,0
598,VIDEO_7508723396641852694,0
599,VIDEO_7506824474902433026,0
600,VIDEO_7500939642972212502,0
601,VIDEO_7491219464474856727,0
602,VIDEO_7486043762590895382,0
603,VIDEO_7483888039303843094,5
604,VIDEO_7483430893965626646,1
605,VIDEO_7479068329584364823,0
606,VIDEO_7477287305078934786,0
607,VIDEO_7475273206497086742,2
608,VIDEO_7474850979473640726,0
609,VIDEO_7473874393719000342,0
610,VIDEO_7467999174936644886,0
611,VIDEO_7467185543240109345,0
612,VIDEO_7466084820825787680,0
613,VIDEO_7465291116045208865,0
614,VIDEO_7464875419959921952,0
615,VIDEO_7459384907962305825,0
616,VIDEO_7447515391426825504,0
617,VIDEO_7444957131670949142,0
618,VIDEO_7444192177149742358,0
619,VIDEO_7439254923365059873,0
620,VIDEO_7437476740533865761,0
621,VIDEO_7431201197672975648,6
622,VIDEO_7429721456851864864,1
623,VIDEO_7426709076924484897,0
624,VIDEO_7425904564697632032,2
625,VIDEO_7415546238927523104,0
626,VIDEO_7402923905754746145,0
627,VIDEO_7401059521860209952,0
628,VIDEO_7400010201476123937,0
629,VIDEO_7396981634572078369,0
630,VIDEO_7396708038398266656,0
631,VIDEO_7394757283214806305,0
632,VIDEO_7393953054967581985,0
633,VIDEO_7393260705048268065,4
634,VIDEO_7392879054988397856,4
635,VIDEO_7388136382436281633,0
636,VIDEO_7385258008760028448,0
637,VIDEO_7382840415893998880,1
638,VIDEO_7381446389819018529,0
639,VIDEO_7369943098031443233,0
640,VIDEO_7357327030335114528,0
641,VIDEO_7355500880721939744,0
642,VIDEO_7354375095868984608,0
643,VIDEO_7350265065762819360,0
644,VIDEO_7348433044216253729,0
645,VIDEO_7345082142235413793,0
646,VIDEO_7344271684406349088,0
647,VIDEO_7342531903209114913,0
648,VIDEO_7342403362714914080,0
649,VIDEO_7340682108735671584,0
650,VIDEO_7338384626773216545,0
651,VIDEO_7337687297132973344,0
652,VIDEO_7337328365147295009,0
653,VIDEO_7336662438282120481,0
654,VIDEO_7336480513269583136,0
655,VIDEO_7336193209883839776,6
656,VIDEO_7335348681832418593,6
657,VIDEO_7335020484637068576,0
658,VIDEO_7333604507793853728,0
659,VIDEO_7332775399883033888,4
660,VIDEO_7332156358902500640,0
661,VIDEO_7331017914612567329,0
662,VIDEO_7329087770905840928,0
663,VIDEO_7327632037437820193,0
664,VIDEO_7326887540705873185,0
665,VIDEO_7324339550283664672,0
666,VIDEO_7323194315415588129,0
667,VIDEO_7322866542985710881,0
668,VIDEO_7321969929564065057,0
669,VIDEO_7318769443222359329,0
670,VIDEO_7318026666939256096,0
671,VIDEO_7317653042533305633,0
672,VIDEO_7317290713673190688,0
673,VIDEO_7316431760194096416,1
674,VIDEO_7314335987033738528,3
675,VIDEO_7314256868556213537,0
676,VIDEO_7310606511775026464,1
677,VIDEO_7308389510113512737,0
678,VIDEO_7306457226254781729,0
679,VIDEO_7304693853758491936,0
680,VIDEO_7302352085796916513,4
681,VIDEO_7297157611294706976,0
682,VIDEO_7296501143700606241,0
683,VIDEO_7277906809787059489,0
684,VIDEO_7261564389075995930,6
685,VIDEO_7261562285791956251,9
686,VIDEO_7261499359819336986,1
687,VIDEO_7215238321247751430,1
688,VIDEO_7211565992852475141,0
689,VIDEO_7202617948983315717,0
690,VIDEO_7199586123952311557,4
691,VIDEO_7195225752541875462,0
692,VIDEO_7193338808870456582,0
693,VIDEO_7192237337412177157,2
694,VIDEO_7182218891702127877,1
695,VIDEO_7179637090932509958,0
696,VIDEO_7173707401302920453,0
697,VIDEO_7169948893805825285,0
698,VIDEO_7164769032430767365,0
699,VIDEO_7163552631053503749,3
700,VIDEO_7162174902865251589,0
701,VIDEO_7155814731897376006,2
702,VIDEO_7146479472022277381,0
703,VIDEO_7145813168818900229,5
704,VIDEO_7130620750842678533,4
705,VIDEO_7088705916027063557,3
706,VIDEO_7087822626005060870,2
707,VIDEO_7084890005491010821,5
708,VIDEO_7081140277083213062,2
709,VIDEO_7079069070078889221,3
710,VIDEO_7077597820538146053,1
711,VIDEO_7076423248698690822,4
712,VIDEO_7075788593930816773,6
713,VIDEO_7073510812542913798,4
714,VIDEO_7073157554024566021,3
715,VIDEO_7071521897082621189,1
716,VIDEO_7070550742880292101,2
717,VIDEO_7067217215925275910,6
718,VIDEO_7064489288125189382,0
719,VIDEO_7063459529668742406,4
720,VIDEO_7062023531764256006,5
721,VIDEO_7061519229182315781,0
722,VIDEO_7060887870688529670,4
723,VIDEO_7059414649581604102,5
724,VIDEO_7057560274424958214,3
725,VIDEO_7055714634526969093,4
726,VIDEO_7055321327174946054,3
727,VIDEO_7054948838716493061,5
728,VIDEO_7053545705868152069,0
729,VIDEO_7052727837165505797,2
730,VIDEO_7045558641969073414,5
731,VIDEO_7039259712038112518,0
732,VIDEO_7038189746484563205,1
733,VIDEO_7019307301299424518,2
734,VIDEO_7014030961486630149,2
735,VIDEO_7001083090462346501,0
736,VIDEO_6994481888182144262,0
737,VIDEO_6982843678305897734,1
738,VIDEO_6972416280762649861,0
739,VIDEO_6963197595422346502,1
740,VIDEO_6959192993014287622,0
741,VIDEO_6952049416425590022,2
742,VIDEO_6921227616347327749,0
743,VIDEO_6919824999914245381,2
744,VIDEO_7597116010528902422,0
745,VIDEO_7548437152137350422,1
746,VIDEO_7545851939586723094,2
747,VIDEO_7537717748512705814,1
748,VIDEO_7530943991257386262,0
749,VIDEO_7528439846218550550,0
750,VIDEO_7524285666692271382,2
751,VIDEO_7519058140860583190,0
752,VIDEO_7515407893357759766,7
753,VIDEO_7511669950990290198,2
754,VIDEO_7496845046814166294,1
755,VIDEO_7475687308797299990,0
756,VIDEO_7470159373935856918,4
757,VIDEO_7459403430122097942,1
758,VIDEO_7458331354212666646,2
759,VIDEO_7455305851092389142,0
760,VIDEO_7451629003380755734,18
761,VIDEO_7450432979526012182,0
762,VIDEO_7439731424854379809,6
763,VIDEO_7438288130567949601,29
764,VIDEO_7434514141697625377,1
765,VIDEO_7433411068988280097,1
766,VIDEO_7414109220523511073,1
767,VIDEO_7410754655682153761,0
768,VIDEO_7407843953539583265,7
769,VIDEO_7400379104962284832,8
770,VIDEO_7395950056001572128,0
771,VIDEO_7393316600922885409,0
772,VIDEO_7372168611449900321,2
773,VIDEO_7358820174952172832,1
774,VIDEO_7356608348030012704,2
775,VIDEO_7354350552693656864,4
776,VIDEO_7350310562586283297,1
777,VIDEO_7343666836812123424,0
778,VIDEO_7332509276432289057,3
779,VIDEO_7325862287540096289,0
780,VIDEO_7324725007391804705,0
781,VIDEO_7309107806202842400,2
782,VIDEO_7306559173217488160,0
783,VIDEO_7261996739446590753,1
784,VIDEO_7260814503728696602,0
785,VIDEO_7254588789559938330,0
786,VIDEO_7606001119243881750,0
787,VIDEO_7604886753471761686,2
788,VIDEO_7601164093910715670,1
789,VIDEO_7587442936376233238,3
790,VIDEO_7578256886286322966,0
791,VIDEO_7566676756199951638,2
792,VIDEO_7560707094018542870,0
793,VIDEO_7545046455229205782,0
794,VIDEO_7529427220335496450,0
795,VIDEO_7516624091097337110,0
796,VIDEO_7504627479449963798,2
797,VIDEO_7494230009050139926,0
798,VIDEO_7491322585624349974,8
799,VIDEO_7486129539827928342,10
800,VIDEO_7485773090555956503,2
801,VIDEO_7484928854029634838,0
802,VIDEO_7481596789448117526,0
803,VIDEO_7478735064881237270,3
804,VIDEO_7348766265927814432,2
805,VIDEO_7346541062267079968,0
806,VIDEO_7343923844316548384,0
807,VIDEO_7303884823578397984,1
808,VIDEO_7291237498506743072,0
809,VIDEO_7263733416292617505,3
810,VIDEO_7256464845132827931,5
811,VIDEO_7219294434465238298,2
812,VIDEO_7217888414631283995,4
813,VIDEO_7215515219164990746,1
814,VIDEO_7212344637523283205,2
815,VIDEO_7211165738957163782,4
816,VIDEO_7207862806899592453,3
817,VIDEO_7206682386531110149,4
818,VIDEO_7206680972555750661,1
819,VIDEO_7040810874281479430,2
820,VIDEO_7039252769894616326,3
821,VIDEO_7039005707844308229,2
822,VIDEO_7038707297396198661,1
823,VIDEO_7036326405155638533,2
824,VIDEO_7033466696245497093,10
825,VIDEO_7026774067223055621,2
826,VIDEO_7022596866374192390,1
827,VIDEO_7007863408129215749,0
828,VIDEO_7004414493086240006,0
829,VIDEO_6821547365887905030,0
830,VIDEO_6814175723704683782,0
831,VIDEO_7584519298459176214,1
832,VIDEO_7579293926796922134,0
833,VIDEO_7540185950714875158,0
834,VIDEO_7533680078866238742,0
835,VIDEO_7529820615637847318,0
836,VIDEO_7517676181366295830,1
837,VIDEO_7490984274049469718,0
838,VIDEO_7490119511731965206,0
839,VIDEO_7481977420220779798,1
840,VIDEO_7479081271746989334,0
841,VIDEO_7478417820376812822,2
842,VIDEO_7475816575975623958,0
843,VIDEO_7471349532496842006,0
844,VIDEO_7471348371962334486,0
845,VIDEO_7470212560399109398,0
846,VIDEO_7468313844230704406,0
847,VIDEO_7438966885879696662,0
848,VIDEO_7418133778406657313,1
849,VIDEO_7415589341981986080,11
850,VIDEO_7415541670361500961,0
851,VIDEO_7414059508630031648,2
852,VIDEO_7413699830469397793,0
853,VIDEO_7413269884840267040,4
854,VIDEO_7412939421089090849,0
855,VIDEO_7410359060681297184,3
856,VIDEO_7400784701633416481,2
857,VIDEO_7379167807679761697,3
858,VIDEO_7353226118662589728,2
859,VIDEO_7344802060019256609,3
860,VIDEO_7326857703958105376,0
861,VIDEO_7324421973612825889,0
862,VIDEO_7315824288173493536,0
863,VIDEO_7296417264591441185,1
864,VIDEO_7296124478130572577,2
865,VIDEO_7296075013734616353,3
866,VIDEO_7295785443528920352,2
867,VIDEO_7294200756586958113,3
868,VIDEO_7288261263757446433,2
869,VIDEO_7278716528839626016,1
870,VIDEO_7255981234374069530,3
871,VIDEO_7246825881904139546,0
872,VIDEO_7238904736253054234,0
873,VIDEO_7219646733901450502,0
874,VIDEO_7214862934139260166,2
875,VIDEO_7214113271018753285,7
876,VIDEO_7213795540574735621,6
877,VIDEO_7210834532591963398,4
878,VIDEO_7208933349933452550,7
879,VIDEO_7208551637869268230,3
880,VIDEO_7203684040606633222,8
881,VIDEO_7183332234605268250,5
882,VIDEO_7175881254233967878,0
883,VIDEO_7171408287785782533,12
884,VIDEO_7168426884852747526,0
885,VIDEO_7158057918431120645,3
886,VIDEO_7146624079615790341,23
887,VIDEO_7123931386964184326,12
888,VIDEO_7120944943270530309,3
889,VIDEO_7116158724288400645,0
890,VIDEO_7081711774084484358,1
891,VIDEO_7079095510904229126,0
892,VIDEO_7073916316566031622,1
893,VIDEO_7065372841423801605,1
894,VIDEO_7064507087086161157,0
895,VIDEO_7060539961459641605,0
896,VIDEO_7050043192732912901,0
897,VIDEO_7042694987141745926,0
898,VIDEO_7012661937477537030,0
899,VIDEO_6994839726846971142,4
900,VIDEO_6979673025503366405,0
901,VIDEO_6963263758630194437,2
902,VIDEO_6958424996964355334,0
903,VIDEO_6922868220890254597,8
904,VIDEO_6899015791086210306,0
905,VIDEO_6896055761982639362,5
906,VIDEO_6895747396404284674,5
907,VIDEO_6895292772857826562,7
908,VIDEO_6887883845954178305,2
909,VIDEO_6883876793380572417,3
910,VIDEO_6883389583271185666,0
911,VIDEO_6876369843591941377,2
912,VIDEO_6869621825035357441,0
913,VIDEO_6864806467329903878,0
914,VIDEO_6834056379355991301,0
915,VIDEO_6798648871401819398,0
916,VIDEO_6798641094109269253,0
917,VIDEO_7551820830615899414,0
918,VIDEO_7330293520395275553,0
919,VIDEO_7323224822169750816,0
920,VIDEO_7309113734360780064,0
921,VIDEO_7307663369090207009,0
922,VIDEO_7306870694137187616,0
923,VIDEO_7306460792310877472,0
924,VIDEO_7305781724238105889,4
925,VIDEO_7299777182828645664,2
926,VIDEO_7297256040544931105,0
927,VIDEO_7279078872455384352,0
928,VIDEO_7272402191233584417,1
929,VIDEO_7265677943228075296,6
930,VIDEO_7265242959048723745,2
931,VIDEO_7264519435086466336,0
932,VIDEO_7262363967157226785,1
933,VIDEO_7261965250864467232,0
934,VIDEO_7260420548553887002,0
935,VIDEO_7225641498249891099,7
936,VIDEO_7225245362678762779,0
937,VIDEO_7224177146263063835,1
938,VIDEO_7221550036172213509,14
939,VIDEO_7214886818368490758,0
940,VIDEO_7213794863630912773,6
941,VIDEO_7210067304095173893,0
942,VIDEO_7209259784263060742,5
943,VIDEO_7208590550348434694,8
944,VIDEO_7204870147855748357,0
945,VIDEO_7200418269629582597,0
946,VIDEO_7197448084119506182,0
947,VIDEO_7197086542479854854,1
948,VIDEO_7195607365813636357,0
949,VIDEO_7193751547749223685,0
950,VIDEO_7192254185969044742,0
951,VIDEO_7191515883330669830,1
952,VIDEO_7189927984172666118,0
953,VIDEO_7185200340310969605,0
954,VIDEO_7184831364422814981,0
955,VIDEO_7184457014217657606,0
956,VIDEO_7174022295978003717,1
957,VIDEO_7161523791154236677,0
958,VIDEO_7130169267454070021,0
959,VIDEO_7125392158063955205,0
960,VIDEO_7113472331917298949,2
961,VIDEO_7078216427131473157,0
962,VIDEO_7070486062182731013,0
963,VIDEO_7050156581652106502,3
964,VIDEO_6927547229486058757,0
965,VIDEO_6913929490305420545,0
966,VIDEO_6896455617523813633,1
967,VIDEO_6894530886105042178,2
968,VIDEO_6886076315288554754,3
969,VIDEO_6885984385670122753,2
970,VIDEO_6885735124013550850,2
971,VIDEO_6880792115329142018,4
972,VIDEO_6880117942432959746,2
973,VIDEO_6875699019520298242,2
974,VIDEO_6875610422578351362,0
975,VIDEO_6860766213992090886,1
976,VIDEO_6834420537545084166,2
977,VIDEO_6825975879940820230,0
978,VIDEO_6750983141873224966,0
979,VIDEO_6739804771013774597,0
980,VIDEO_7606360801234013462,2
981,VIDEO_7603412461068291350,1
982,VIDEO_7602968538319539478,0
983,VIDEO_7594911702613773590,3
984,VIDEO_7593727684606168342,8
985,VIDEO_7593661214027156758,5
986,VIDEO_7593403675297467651,0
987,VIDEO_7592281951206133014,51
988,VIDEO_7592263862284586263,4
989,VIDEO_7590184087122660630,1
990,VIDEO_7587134900852100374,1
991,VIDEO_7587070120556580118,3
992,VIDEO_7584105481719844118,2
993,VIDEO_7583420207629225238,3
994,VIDEO_7581507576219618582,1
995,VIDEO_7580065942730738966,8
996,VIDEO_7579287270092459286,0
997,VIDEO_7577374333048196374,0
998,VIDEO_7577096797580053782,0
999,VIDEO_7577088828171734294,1
1000,VIDEO_7575170897451945238,2
1001,VIDEO_7575105754374458646,4
1002,VIDEO_7574759080368114966,7
1003,VIDEO_7572605667299708182,14
1004,VIDEO_7571893908754451734,1
1005,VIDEO_7571134268403895574,5
1006,VIDEO_7566941841996647702,15
1007,VIDEO_7566313596351778070,0
1008,VIDEO_7565953021411216662,11
1009,VIDEO_7564069366606679318,1
1010,VIDEO_7494193739187916054,1
1011,VIDEO_7493955664008498454,2
1012,VIDEO_7493248933460741378,4
1013,VIDEO_7485818484723567894,6
1014,VIDEO_7484305196332436758,0
1015,VIDEO_7483220883759303959,4
1016,VIDEO_7482898265906646294,3
1017,VIDEO_7480938335133863190,2
1018,VIDEO_7480244111207976214,0
1019,VIDEO_7476157177149803798,2
1020,VIDEO_7463500754318347542,1
1021,VIDEO_7459503727737687318,2
1022,VIDEO_7458336545490193686,0
1023,VIDEO_7451599218545970454,3
1024,VIDEO_7429021024517229857,2
1025,VIDEO_7421927684965502240,4
1026,VIDEO_7421838132624002336,0
1027,VIDEO_7418230327207939360,0
1028,VIDEO_7348413567797841185,1
1029,VIDEO_7345515480288922912,0
1030,VIDEO_7345144791094660384,3
1031,VIDEO_7342536344561896737,1
1032,VIDEO_7340684346040290593,3
1033,VIDEO_7338070752501026081,2
1034,VIDEO_7329560864518901024,4
1035,VIDEO_7327333280297127201,4
1036,VIDEO_7324741085438397729,7
1037,VIDEO_7319902152686718241,9
1038,VIDEO_7312851563037330721,3
1039,VIDEO_7302473271067397409,0
1040,VIDEO_7301350531325365537,0
1041,VIDEO_7298393830204640545,0
1042,VIDEO_7296889866002910497,1
1043,VIDEO_7296154996683410720,2
1044,VIDEO_7294659855434911008,1
1045,VIDEO_7294284376454532384,2
1046,VIDEO_7293541624359996704,4
1047,VIDEO_7293173989143366945,0
1048,VIDEO_7291678102948810016,2
1049,VIDEO_7290947930108857633,4
1050,VIDEO_7287983702959869217,2
1051,VIDEO_7286863155026808096,1
1052,VIDEO_7278768931857354016,0
1053,VIDEO_7264884699636469025,0
1054,VIDEO_7262465807949647136,7
1055,VIDEO_7239729661788359962,5
1056,VIDEO_7228976565445512475,1
1057,VIDEO_7221177538855423258,1
1058,VIDEO_7216365794093976838,8
1059,VIDEO_7215252214514715909,3
1060,VIDEO_7210817231368785158,0
1061,VIDEO_7210074063765638406,9
1062,VIDEO_7208952610336820485,0
1063,VIDEO_7207842110316268805,3
1064,VIDEO_7204874673367125254,0
1065,VIDEO_7204395621468392709,13
1066,VIDEO_7203763760538897669,0
1067,VIDEO_7203019203857665286,4
1068,VIDEO_7202277032938540294,0
1069,VIDEO_7199677935949778181,5
1070,VIDEO_7198558888940113158,4
1071,VIDEO_7198194674354457861,0
1072,VIDEO_7197080264625966341,0
1073,VIDEO_7194859372227480838,1
1074,VIDEO_7192617192850984198,2
1075,VIDEO_7190456972418862342,2
1076,VIDEO_7188189006851575046,0
1077,VIDEO_7187436390131453190,1
1078,VIDEO_7184459390143974662,0
1079,VIDEO_7183477138249485594,0
1080,VIDEO_7182978974253944069,4
1081,VIDEO_7177417414542429445,1
1082,VIDEO_7173695147639655686,4
1083,VIDEO_7172507378498260229,0
1084,VIDEO_7170730138965970181,2
1085,VIDEO_7168935772777614597,0
1086,VIDEO_7165165100075093253,0
1087,VIDEO_7162123924233358598,3
1088,VIDEO_7150676745937587462,6
1089,VIDEO_7145110811000835333,0
1090,VIDEO_7142874586755976454,2
1091,VIDEO_7141029212244233478,3
1092,VIDEO_7125076892729756933,4
1093,VIDEO_7122480993948159238,2
1094,VIDEO_7095777172513721605,3
1095,VIDEO_7094187420819803398,1
1096,VIDEO_7093581650163944709,2
1097,VIDEO_7090931568486763781,1
1098,VIDEO_7083155569812589829,1
1099,VIDEO_7082286078417259782,0
1100,VIDEO_7078325137698770181,3
1101,VIDEO_7076526059344104709,0
1102,VIDEO_7075734573933530373,4
1103,VIDEO_7073511726888635653,1
1104,VIDEO_7073146702995279110,1
1105,VIDEO_7069799098576112901,7
1106,VIDEO_7068682786437139718,0
1107,VIDEO_7068298283386506502,4
1108,VIDEO_7065713702833638662,1
1109,VIDEO_7063127157068844294,3
1110,VIDEO_7062740749992971526,9
1111,VIDEO_7061974363939261701,0
1112,VIDEO_7059302103713402117,0
1113,VIDEO_7058313871718714629,0
1114,VIDEO_7057548200625917190,0
1115,VIDEO_7057200753470950661,0
1116,VIDEO_7055610539749199109,0
1117,VIDEO_7054582233989958917,0
1118,VIDEO_7054222416247000325,0
1119,VIDEO_7051571825989422342,0
1120,VIDEO_7046370407758286085,0
1121,VIDEO_7043834307458141446,0
1122,VIDEO_7043009038623329541,0
1123,VIDEO_7042347189179403525,0
1124,VIDEO_7041969079246245126,2
1125,VIDEO_7041603482742230278,0
1126,VIDEO_7040105390410960133,0
1127,VIDEO_7039780337739730181,0
1128,VIDEO_7038638363686997254,0
1129,VIDEO_7037974894553894150,0
1130,VIDEO_7037757089799818502,0
1131,VIDEO_7037532518978964741,0
1132,VIDEO_7036807584111709445,0
1133,VIDEO_7028978217117682949,0
1134,VIDEO_7026756047805205766,0
1135,VIDEO_7025927416061250821,0
1136,VIDEO_7020800251950927109,0
1137,VIDEO_7018826174767942918,0
1138,VIDEO_7018383080205356293,0
1139,VIDEO_7001054542804667653,0
1140,VIDEO_6943540424141491461,0
1141,VIDEO_6935817751898426629,0
1142,VIDEO_6927665892457237765,0
1143,VIDEO_6796364077095472389,0
1144,VIDEO_6796363351816555782,1
1145,VIDEO_6795606002222796037,0
1146,VIDEO_6794470373212589317,0
1147,VIDEO_6793765694619143430,0
1148,VIDEO_6793347939294072069,0
1149,VIDEO_6792133610360065285,0
1150,VIDEO_6792131260543225094,0
1151,VIDEO_7597437745258073400,0
1152,VIDEO_7595900789546044684,0
1153,VIDEO_7593820955810598156,3
1154,VIDEO_7593673061476420920,0
1155,VIDEO_7586689516153343288,0
1156,VIDEO_7584927758497697035,1
1157,VIDEO_7580037763580415244,4
1158,VIDEO_7578641094464867595,0
1159,VIDEO_7577087400501857592,0
1160,VIDEO_7575902535349816588,3
1161,VIDEO_7570044496004533516,3
1162,VIDEO_7569526874024512780,2
1163,VIDEO_7565955844764863755,4
1164,VIDEO_7559134249731853579,0
1165,VIDEO_7553173878785297720,2
1166,VIDEO_7545528304237841720,5
1167,VIDEO_7537787296209259782,3
1168,VIDEO_7527665793501318456,2
1169,VIDEO_7524995526518000901,1
1170,VIDEO_7520150754858896645,0
1171,VIDEO_7517644986310020408,1
1172,VIDEO_7488241037907905797,5
1173,VIDEO_7479794065983147269,0
1174,VIDEO_7470863926922579205,0
1175,VIDEO_7463089844516965637,0
1176,VIDEO_7461940902890605829,3
1177,VIDEO_7426721230721453318,0
1178,VIDEO_7415576931577433349,2
1179,VIDEO_7349173304613162246,0
1180,VIDEO_7348384350297165061,0
1181,VIDEO_7346623546229099781,0
1182,VIDEO_7345477638619778309,0
1183,VIDEO_7341020687345192197,0
1184,VIDEO_7333701921573850374,4
1185,VIDEO_7332928025517903109,0
1186,VIDEO_7329985883539541253,0
1187,VIDEO_7329596850804100358,1
1188,VIDEO_7328066217929985286,0
1189,VIDEO_7325861199604665606,0
1190,VIDEO_7323237610665544966,0
1191,VIDEO_7320606856995523846,2
1192,VIDEO_7319511492888366342,3
1193,VIDEO_7267229404584037638,0
1194,VIDEO_7221953102184779013,0
1195,VIDEO_7217463144069844230,0
1196,VIDEO_7214396955810680069,5
1197,VIDEO_7207818125402852613,0
1198,VIDEO_7201892299112992005,9
1199,VIDEO_7199338065867934982,0
1200,VIDEO_7198947136300403974,0
1201,VIDEO_7197470706416815365,3
1202,VIDEO_7189955800851320070,0
1203,VIDEO_7189175939098561798,0
1204,VIDEO_7187448552354794758,0
1205,VIDEO_7185872343988702470,0
1206,VIDEO_7184475894335950085,4
1207,VIDEO_7182983364293430533,0
1208,VIDEO_7179319229924084997,1
1209,VIDEO_7176635190469512453,0
1210,VIDEO_7175864609029491974,0
1211,VIDEO_7174823379453644037,0
1212,VIDEO_7087984641864502534,4
1213,VIDEO_7087653844863208709,3
1214,VIDEO_7087592356664315141,2
1215,VIDEO_7086527236471311622,3
1216,VIDEO_7086144769222511877,0
1217,VIDEO_7086111451965869317,2
1218,VIDEO_7085748815449312517,0
1219,VIDEO_7085404371671846150,2
1220,VIDEO_7085367737178000646,2
1221,VIDEO_7084552539126926597,0
1222,VIDEO_7083526112558517510,3
1223,VIDEO_7083159832185933061,4
1224,VIDEO_7082386924677205253,0
1225,VIDEO_7082037036730813701,3
1226,VIDEO_7081701013891157253,3
1227,VIDEO_7081323710442917125,2
1228,VIDEO_7081276473687985413,0
1229,VIDEO_7080583186522098949,0
1230,VIDEO_7080535307816291589,6
1231,VIDEO_7079836018203020549,0
1232,VIDEO_7079418950315969798,5
1233,VIDEO_7079071645771500806,5
1234,VIDEO_7078352231413697797,3
1235,VIDEO_7077597321667546373,0
1236,VIDEO_7076502785742720261,0
1237,VIDEO_7076131060420988165,4
1238,VIDEO_7074644027190103302,0
1239,VIDEO_7073906588079246598,0
1240,VIDEO_7073547434244328709,0
1241,VIDEO_7073513732395044102,0
1242,VIDEO_7072780188018380038,0
1243,VIDEO_7072060893818899717,3
1244,VIDEO_7071272326746230021,0
1245,VIDEO_7070907935722917126,6
1246,VIDEO_7070569241413422342,0
1247,VIDEO_7070218376328563973,0
1248,VIDEO_7069844079122599173,0
1249,VIDEO_7068731699701484806,4
1250,VIDEO_7067985901011373317,2
1251,VIDEO_7067623396279930117,3
1252,VIDEO_7066474035613388037,0
1253,VIDEO_7065769954695564550,0
1254,VIDEO_7064650116321250566,0
1255,VIDEO_7064585014561754373,0
1256,VIDEO_7064244808700726533,0
1257,VIDEO_7063505399307144454,5
1258,VIDEO_7062046390570061061,2
1259,VIDEO_7061663961090936070,7
1260,VIDEO_7061273234259610885,1
1261,VIDEO_7060513660975844614,4
1262,VIDEO_7060191695681375493,0
1263,VIDEO_7059832468412583173,0
1264,VIDEO_7059747853035441414,1
1265,VIDEO_7059442492080491781,0
1266,VIDEO_7059081815985818886,0
1267,VIDEO_7058348964306783493,0
1268,VIDEO_7057221943623306501,3
1269,VIDEO_7056858947935915270,0
1270,VIDEO_7056423267564899590,0
1271,VIDEO_7054964457310539013,0
1272,VIDEO_7054255399968476422,0
1273,VIDEO_7053886455805955333,0
1274,VIDEO_7053136217717607686,0
1275,VIDEO_7041160388334980357,2
1276,VIDEO_7038692809985051909,0
1277,VIDEO_6980696986135710981,0
1278,VIDEO_6946128715000663301,0
1279,VIDEO_6945377653587266822,0
1280,VIDEO_6934012329067597061,0
1281,VIDEO_6926459852134845701,0
1282,VIDEO_6921676134212029701,0
1283,VIDEO_6918691694791691525,0
1284,VIDEO_6897900291631402242,0
1285,VIDEO_6895288761354112258,0
1286,VIDEO_6876847536938749185,0
1287,VIDEO_7598953535165959426,0
1288,VIDEO_7598574537407548694,1
1289,VIDEO_7597422827196763414,2
1290,VIDEO_7596412614402460950,2
1291,VIDEO_7594160012247797014,0
1292,VIDEO_7593664206210157827,0
1293,VIDEO_7591891163175554326,1
1294,VIDEO_7587478416618736918,0
1295,VIDEO_7586630099286510870,0
1296,VIDEO_7580000663845850390,0
1297,VIDEO_7578151818585328918,0
1298,VIDEO_7576319921030827286,1
1299,VIDEO_7575110522522144022,0
1300,VIDEO_7570012092829748502,1
1301,VIDEO_7566632651352853782,3
1302,VIDEO_7553223847730777346,1
1303,VIDEO_7523154104273915158,0
1304,VIDEO_7520582757412556054,4
1305,VIDEO_7495368561821535510,3
1306,VIDEO_7493891893026180374,1
1307,VIDEO_7491632736105450774,0
1308,VIDEO_7486822725684792599,0
1309,VIDEO_7483098002547100950,0
1310,VIDEO_7481624954484690198,0
1311,VIDEO_7477935287646063894,6
1312,VIDEO_7473224176086584598,0
1313,VIDEO_7471566242168491286,2
1314,VIDEO_7471289820795374870,2
1315,VIDEO_7470495287212084503,1
1316,VIDEO_7469067273794456854,0
1317,VIDEO_7466514918137728278,1
1318,VIDEO_7466106459403701526,1
1319,VIDEO_7465714414814137623,2
1320,VIDEO_7453069595327384865,1
1321,VIDEO_7447538385993895201,3
1322,VIDEO_7447184186034654496,1
1323,VIDEO_7446341554735828256,1
1324,VIDEO_7399975638112783649,0
1325,VIDEO_7390334004001639713,0
1326,VIDEO_7372132003078032672,0
1327,VIDEO_7351073088601148704,0
1328,VIDEO_7343970143497653537,1
1329,VIDEO_7341738165746634017,2
1330,VIDEO_7340356860299496736,0
1331,VIDEO_7333562774750088480,1
1332,VIDEO_7327710709201014049,1
1333,VIDEO_7323667240933444896,0
1334,VIDEO_7321012358594235681,0
1335,VIDEO_7319919643378912544,1
1336,VIDEO_7318832237842156832,5
1337,VIDEO_7315822267781467424,4
1338,VIDEO_7309133635578236192,0
1339,VIDEO_7307971449870994720,0
1340,VIDEO_7303968237966904609,0
1341,VIDEO_7297205575501270304,0
1342,VIDEO_7291228337123511585,2
1343,VIDEO_7286830586478578976,2
1344,VIDEO_7283105183352016160,0
1345,VIDEO_7274897399045246241,1
1346,VIDEO_7267879991004761376,0
1347,VIDEO_7261958198775532832,0
