video_id,nb_textbloc
7602656035161050390,1
7590718903144287510,3
7571821778746592534,2
7569927329154190614,0
7566270741134462230,11
7536170254989315350,2
7520640970199698710,0
7496799936558796054,0
7487960173529582870,1
7478712216724802838,1
7470850262840691990,1
7424512450856357153,5
7416286728513735968,2
7374727208394411297,5
7361057454454508833,4
7343975400122354977,4
7322847358646078752,3
7311689753676533024,5
7307595143559859488,0
7298756408994991393,1
7272755309658098976,3
7226766521719213338,0
7224139299594194203,8
7208566584535764250,0
7205976379370851589,3
7177404002508803334,4
7164792237543394566,3
7162183685423385862,2
7153997940774882565,2
7143619564775968006,1
7138043316087606533,2
7114705253899029765,2
7107270367303044358,2
7101685930276293894,2
7096121724990655749,2
7079814734664436998,4
7071272731286834437,4
7067569943449046278,2
7063121025394855173,0
7023313220278553862,3
7019559155425955077,0
6958797242429934854,5
6940653001791130885,0
6927911225066130693,2
6896446483080482050,3
6893888228848389377,1
6891645296233794817,3
6883561429727726850,4
6876362124260691202,1
6874890977631390978,2
6855731886438763781,5
6852640471013920006,0
6847902541095668997,0
6802558843114114310,0
7603743614157458710,0
7595972634450431254,0
7587402623129636118,1
7587440240327937302,4
7584845578429828375,3
7581822570454879510,0
7579299127637363990,0
7580305629634399510,3
7578925701114481942,5
7577797962017918230,1
7576309328584592643,0
7575167976853228822,0
7574884067729050902,3
7572598154063990038,3
7567386738709073174,3
7566939859156290838,0
7565890573115165974,0
7563265888623840534,0
7556999098637880598,3
7551795663772798211,0
7549089036447649046,5
7547744113433627926,4
7542538735116684566,1
7541326779697564930,2
7539973950877584662,0
7535846854743821590,0
7535846685101149462,0
7535846060476976406,3
7535476048444558614,1
7535123405562006806,0
7533124404062981398,2
7532382235463339286,1
7528433357093358870,0
7510479503592901910,4
7509512878026788118,5
7504668782045039894,0
7495322095065238806,2
7494238893546474774,1
7490222588883422486,0
7488220279244623126,1
7486138878026321174,2
7483898615803612418,0
7480918194438278422,0
7480563839319264534,0
7471286673494527254,3
7470532387223407904,2
7468709057516326177,0
7468323433714126112,0
7466109584952855840,2
7463198577188146464,0
7458328611213298976,4
7451579890048027937,1
7443846446362774817,3
7436439641298865441,3
7423318018853178657,0
7414073681992895776,0
7397062762150513952,1
7395189160081935649,0
7350221322317761825,3
7343530174526377249,3
7336238126651706656,2
7329933240775527713,0
7329526946751089953,0
7316851921288006944,0
7300927450463194400,5
7297177472615861536,2
7296855348714016033,2
7290823677195603233,3
7261565962875358491,0
7260104911830945051,4
7257874855037586714,2
7210751695771553030,5
7193808719287766278,2
7192709681280781574,5
7191884217595219206,0
7190283346373610757,0
7184460864404229381,4
7183681305203330309,4
7171449726158589189,2
7168916057166597382,0
7164397666472873222,0
7161354120849427717,2
7143175958978186502,0
7132514036276628742,1
7124374690520419590,0
7094270154275605765,1
6958338154617228549,0
6955364241213771014,1
6921604099553119494,4
7604808799404264726,1
7603273994216738070,4
7596993704146046230,0
7593041331174362390,0
7589754729350155542,0
7587308013363449121,2
7583720650200730902,2
7577768828214512918,4
7575831202117045526,1
7574767270392532246,0
7572922723836431638,1
7569206708090850582,0
7568382003330993430,3
7566297785914412310,3
7563724139240885526,4
7556661292233379075,0
7553924193562266902,0
7553554500972367107,5
7545446733921209622,5
7537707440142454038,0
7480851478555659543,0
7478288153153916182,0
7476404323317222658,0
7474625701350509846,0
7473095088948759830,9
7471251146288418070,0
7468715378743528736,0
7467231080735690017,0
7466117788898315552,0
7465375886779403552,0
7463520186876939552,0
7458325240628661537,0
7456840693982465312,0
7454985264952266016,0
7452758752337399073,0
7452387800818666785,0
7449430237114404128,0
7444595106025442593,0
7441626192760884513,0
7440465091817999649,3
7437536576072125728,0
7436650165861141792,1
7436403924350864672,3
7436044441170857249,0
7434931188642352417,0
7433817907278269729,0
7431168865142328608,0
7429720640111791392,0
7428251635102534945,0
7425965869924142369,1
7423773390932135201,0
7414443436134223137,0
7412540786975231264,5
7410298388022824225,2
7407736509996043553,3
7399196283501628705,3
7394351547376880929,0
7392856168214957345,5
7390632928780340512,6
7388867149407849760,1
7387308322162052385,0
7386194546062839073,0
7382166710029208865,5
7381115594076146977,9
7379227737271094561,8
7379193504355978528,0
7378467106636991777,6
7377004580510436641,0
7376630682824576289,2
7374412100833250593,0
7374072615356353825,0
7369936386000031009,3
7367273018181160224,0
7366603470272515361,2
7365841944318086432,0
7365161137324805408,0
7363657122795490593,9
7361799258107841825,9
7361030582446378272,9
7358723892992642336,0
7356509644170333473,1
7355765566625402144,3
7354275810578140449,8
7354009165796216097,1
7353535610641976609,2
7352233957276044577,0
7351779832969104673,1
7350954462992682272,2
7350708094302735649,11
7350207537771220256,1
7348717316856712480,5
7348379737519082784,1
7346110636008475937,2
7345543122400726305,1
7344270149593091361,1
7343256943923858720,2
7340916267571858721,1
7338052242651598112,0
7337268516128591136,5
7335091592077856032,1
7332835826579164449,1
7331811695360363809,2
7331415350828911904,3
7330883086684622112,0
7329423244992236832,1
7328709134126206241,2
7326123173311728929,0
7325724813115346208,0
7324696131143847201,3
7324283735749266721,3
7323972466445946145,0
7323612868484631840,4
7323108113698147616,3
7320909330314775840,3
7320159598290226464,3
7319513643534568736,4
7318707614332849441,0
7317664309432077600,3
7317307650499251488,1
7316470398261021985,1
7316159323728661792,0
7312076882822909217,1
7311663059695570208,3
7311263969220644129,1
7310626433129270560,1
7310258308969991457,3
7309427596553489696,4
7309091598472727840,1
7308758430318071072,2
7306585450305555745,0
7304665669872782625,1
7303586993965960480,0
7303174310259166497,9
7302346370701118752,2
7302041138670619936,7
7301229129314159904,1
7300846195444927776,3
7300495910595808545,3
7299732621825690912,6
7298264093100674336,1
7297134358689860896,2
7296115605927644449,4
7294901504752782625,3
7294149539781463328,1
7293176268361665824,8
7292048482456587553,1
7291300657355689249,8
7290955653349133600,8
7290457107726339360,2
7289785625367153952,1
7288326750243704096,2
7287986771483282720,2
7285256841158790433,3
7284876929713442080,0
7283524894585883936,0
7283139399582240032,0
7282663509505133856,0
7281279828307856673,1
7280571511138782496,1
7280108212878200096,1
7279032970286009632,2
7277939332831251744,0
7276041559500475680,0
7274647533002034465,0
7271935381937884448,0
7270111755886415137,0
7269759073967525153,5
7265326628274752801,0
7264958192017362208,0
7264173669612670240,3
7262342975752113441,2
7262001980095106337,0
7259455690996075803,3
7259047429796908315,3
7258676118033599771,10
7256066819247623450,1
7254561581449612571,3
7253425216984976667,0
7252685251112176922,3
7246768104922008858,1
7245708272181759258,0
7245239505911893274,0
7244550731141844251,4
7242719682128530714,2
7242348894435167514,6
7241956873698577691,6
7241209133540609307,2
7239735340737498395,1
7239344688006728986,8
7238235896724704538,9
7237872414581935386,2
7237511650532773146,4
7237120496020573467,8
7236760874646637851,4
7236382869650689306,1
7236043111128894747,1
7235651777805290778,0
7235266120414924058,1
7234782434531839258,4
7233784589523717402,0
7233472157588753691,0
7233097610821700890,3
7230327665918512411,2
7229342870518385946,1
7228975701066550554,0
7227881339125583131,4
7227547227005209882,0
7227138868447923482,6
7226734943869750555,4
7226428593075752218,5
7226043488738069787,3
7225632323146943771,0
7225296808900152603,4
7224934115089370395,0
7223080468101483781,1
7221875155184733445,1
7221552853356236037,7
7219686321739123974,0
7218857185764216069,3
7218493650160897306,1
7218219061707033882,0
7215656408069442822,3
7215124561799449861,1
7214767845383900421,0
7213655175318211845,1
7213453348270378246,4
7213053350290459910,0
7211932492914298118,2
7211431817205878021,0
7211130311667715334,0
7210434710646836485,3
7209925340557348101,4
7208839545989762309,1
7208539932422425861,9
7207350500419702022,7
7204907848449527045,4
7203810617180933382,1
7203048812351327494,7
7202313398300724485,3
7201579247616494853,0
7198831282984324358,2
7198189694750838022,5
7197445468585037062,5
7196711667420384517,2
7195937456271691014,4
7195215450970606853,4
7192298503878577413,3
7191848035784117510,0
7188587993752702213,6
7184844462525287685,4
7184090635018784005,1
7183009043407965445,0
7181547992061676805,2
7179688144382512390,0
7177655896699325702,0
7176917454893911301,3
7172555111879757062,0
7164772525006720262,0
7143162692004482310,0
7137227107456879877,1
7135716231218318597,0
7133481707449142533,0
7130906655885102341,0
7130612533437762821,0
7129505006046170373,0
7127182082568113413,0
7116439198285958405,3
7113851055355596038,3
7112440653350571269,0
7108997263912979717,0
7104552926231743749,18
7103816728982916357,1
7101649191662882053,0
7100934148864494854,0
7098701138203069702,0
7095721528142155014,0
7088619536202648837,0
7078227199463066886,0
7077571361660521733,0
7070162555695615237,0
7068640088774741254,4
7067063225736580357,0
7059301793574046982,0
7041273346830454022,0
7040300833019415813,0
7036035511869246725,0
7013121880366255365,0
6969101040918465798,0
7532594185912847638,0
7524347836541046038,0
7518292077080268054,0
7508716246301510914,0
7506795063012232470,3
7506217095441435926,0
7505058159258504470,0
7502082897935928598,2
7500926454671232278,0
7495455289882184982,0
7490268698918309142,0
7486391346727537942,6
7479158367873748246,0
7478407463675481366,0
7472755159945252118,0
7467247804717550870,0
7459483581803482390,0
7457155091238259990,0
7455422115802565910,0
7450928915159190806,0
7448354400998853910,0
7447200750096223510,0
7446429495948594454,0
7444926040855661846,0
7443866656956255510,0
7440567441777757472,0
7439661735742557472,1
7439269165111725345,1
7436892906801073441,3
7421851827794152737,2
7418157210896698657,0
7269755991049260320,0
7253058884762537242,2
7252274964206832923,0
7250832194392886554,0
7245283945619655963,0
7239748390974704922,1
7226711933150432538,0
7202909898219326725,0
7192172787723783430,0
7148719596487363845,5
7510326060676975894,1
7494590607797554454,2
7494205664135236886,0
7483554122663234838,0
7475642830430522646,1
7471186366500539670,3
7467520617160396054,1
7464890614258158870,0
7463516081081027862,0
7460568175726398742,0
7458380266004843798,1
7456101045601570070,0
7453132168940915991,0
7453016788465454358,0
7452742967695002902,0
7444856032486116630,0
7439301301864877344,0
7397696022975188257,1
7395222817677085985,1
7384844059896057120,0
7384476119744974112,2
7384098121715813664,0
7379994182741429536,0
7371436708778315041,2
7369882061445926177,2
7361717788299250976,0
7351084194061126945,2
7343665662876781856,0
7333568243367431456,0
7332865581789629729,0
7332521954538245408,1
7325764964172467489,2
7282668264617004321,0
7273016085954317600,1
7261658279900744987,0
7259307845332602139,1
7252374564108274970,0
7252271385467161882,0
7251996103178997018,2
7249813717225950490,0
7249677053153283354,3
7249312172956732698,2
7246805127942737178,1
7246672390841715995,0
7246343164108295450,3
7246301041979886875,0
7245182525016935707,1
7244559099352976666,0
7242237385772240155,9
7241878874672385306,0
7236674356540165402,3
7221070563538717957,5
7216240671097736454,3
7216007272311344390,0
7215611067286703366,0
7210806075354811654,3
7205961411942468870,4
7205134218328902917,0
7191896362630302981,0
7190655063470116101,0
7176549919933664517,0
7164417550791494918,3
7163942959916895493,0
7161307348827426053,0
7158890098770119942,0
7152911692282809606,0
7137955446320565510,0
7125703838497131781,2
7115325407318052102,0
7114675214583155973,0
7114309168302984454,0
7110099088661548293,0
7107863534549110022,0
7096387117462359302,0
7094149805496159494,4
7091569180054490373,0
7085631257542954246,0
7080545682058169605,0
7076134412487855366,0
7072774694214044934,0
7070176633931549958,0
7069805338601606406,0
7067959925141474565,0
7067578500101803269,0
7057846707651939590,0
7051617295818362117,0
7040071170363788550,0
7036282180816932102,0
6944298636553604358,2
6943534360066804998,0
6940187794534960389,0
6919872357288971521,0
7597370054556011798,0
7591860205567151382,0
7590299923803884803,0
7587833111010954518,0
7587702184708558102,2
7586610643130764566,1
7580401530428394775,1
7579238923172547842,2
7572235624627899670,0
7572223162520177942,0
7572210786991344918,1
7572210750937107734,2
7569964600523853078,4
7565230748026899734,0
7558085942557347094,2
7556260834817723670,0
7555760932794764566,3
7554403190200945942,0
7553663983383858454,0
7549175046128831766,0
7547707789863406870,0
7542515768215211286,0
7538370537211432214,0
7538076349500689666,0
7535840388725378306,0
7529912051498552598,0
7528398053666016534,0
7523190975850679554,2
7518400955877199127,0
7517305745210232086,0
7516934430083091734,0
7515834191922072854,0
7514700901009886486,0
7512478582627732758,0
7508723396641852694,0
7506824474902433026,0
7500939642972212502,0
7491219464474856727,0
7486043762590895382,0
7483888039303843094,5
7483430893965626646,1
7479068329584364823,0
7477287305078934786,0
7475273206497086742,2
7474850979473640726,0
7473874393719000342,0
7467999174936644886,0
7467185543240109345,0
7466084820825787680,0
7465291116045208865,0
7464875419959921952,0
7459384907962305825,0
7447515391426825504,0
7444957131670949142,0
7444192177149742358,0
7439254923365059873,0
7437476740533865761,0
7431201197672975648,6
7429721456851864864,1
7426709076924484897,0
7425904564697632032,2
7415546238927523104,0
7402923905754746145,0
7401059521860209952,0
7400010201476123937,0
7396981634572078369,0
7396708038398266656,0
7394757283214806305,0
7393953054967581985,0
7393260705048268065,4
7392879054988397856,4
7388136382436281633,0
7385258008760028448,0
7382840415893998880,1
7381446389819018529,0
7369943098031443233,0
7357327030335114528,0
7355500880721939744,0
7354375095868984608,0
7350265065762819360,0
7348433044216253729,0
7345082142235413793,0
7344271684406349088,0
7342531903209114913,0
7342403362714914080,0
7340682108735671584,0
7338384626773216545,0
7337687297132973344,0
7337328365147295009,0
7336662438282120481,0
7336480513269583136,0
7336193209883839776,6
7335348681832418593,6
7335020484637068576,0
7333604507793853728,0
7332775399883033888,4
7332156358902500640,0
7331017914612567329,0
7329087770905840928,0
7327632037437820193,0
7326887540705873185,0
7324339550283664672,0
7323194315415588129,0
7322866542985710881,0
7321969929564065057,0
7318769443222359329,0
7318026666939256096,0
7317653042533305633,0
7317290713673190688,0
7316431760194096416,1
7314335987033738528,3
7314256868556213537,0
7310606511775026464,1
7308389510113512737,0
7306457226254781729,0
7304693853758491936,0
7302352085796916513,4
7297157611294706976,0
7296501143700606241,0
7277906809787059489,0
7261564389075995930,6
7261562285791956251,9
7261499359819336986,1
7215238321247751430,1
7211565992852475141,0
7202617948983315717,0
7199586123952311557,4
7195225752541875462,0
7193338808870456582,0
7192237337412177157,2
7182218891702127877,1
7179637090932509958,0
7173707401302920453,0
7169948893805825285,0
7164769032430767365,0
7163552631053503749,3
7162174902865251589,0
7155814731897376006,2
7146479472022277381,0
7145813168818900229,5
7130620750842678533,4
7088705916027063557,3
7087822626005060870,2
7084890005491010821,5
7081140277083213062,2
7079069070078889221,3
7077597820538146053,1
7076423248698690822,4
7075788593930816773,6
7073510812542913798,4
7073157554024566021,3
7071521897082621189,1
7070550742880292101,2
7067217215925275910,6
7064489288125189382,0
7063459529668742406,4
7062023531764256006,5
7061519229182315781,0
7060887870688529670,4
7059414649581604102,5
7057560274424958214,3
7055714634526969093,4
7055321327174946054,3
7054948838716493061,5
7053545705868152069,0
7052727837165505797,2
7045558641969073414,5
7039259712038112518,0
7038189746484563205,1
7019307301299424518,2
7014030961486630149,2
7001083090462346501,0
6994481888182144262,0
6982843678305897734,1
6972416280762649861,0
6963197595422346502,1
6959192993014287622,0
6952049416425590022,2
6921227616347327749,0
6919824999914245381,2
7597116010528902422,0
7548437152137350422,1
7545851939586723094,2
7537717748512705814,1
7530943991257386262,0
7528439846218550550,0
7524285666692271382,2
7519058140860583190,0
7515407893357759766,7
7511669950990290198,2
7496845046814166294,1
7475687308797299990,0
7470159373935856918,4
7459403430122097942,1
7458331354212666646,2
7455305851092389142,0
7451629003380755734,18
7450432979526012182,0
7439731424854379809,6
7438288130567949601,29
7434514141697625377,1
7433411068988280097,1
7414109220523511073,1
7410754655682153761,0
7407843953539583265,7
7400379104962284832,8
7395950056001572128,0
7393316600922885409,0
7372168611449900321,2
7358820174952172832,1
7356608348030012704,2
7354350552693656864,4
7350310562586283297,1
7343666836812123424,0
7332509276432289057,3
7325862287540096289,0
7324725007391804705,0
7309107806202842400,2
7306559173217488160,0
7261996739446590753,1
7260814503728696602,0
7254588789559938330,0
7606001119243881750,0
7604886753471761686,2
7601164093910715670,1
7587442936376233238,3
7578256886286322966,0
7566676756199951638,2
7560707094018542870,0
7545046455229205782,0
7529427220335496450,0
7516624091097337110,0
7504627479449963798,2
7494230009050139926,0
7491322585624349974,8
7486129539827928342,10
7485773090555956503,2
7484928854029634838,0
7481596789448117526,0
7478735064881237270,3
7348766265927814432,2
7346541062267079968,0
7343923844316548384,0
7303884823578397984,1
7291237498506743072,0
7263733416292617505,3
7256464845132827931,5
7219294434465238298,2
7217888414631283995,4
7215515219164990746,1
7212344637523283205,2
7211165738957163782,4
7207862806899592453,3
7206682386531110149,4
7206680972555750661,1
7040810874281479430,2
7039252769894616326,3
7039005707844308229,2
7038707297396198661,1
7036326405155638533,2
7033466696245497093,10
7026774067223055621,2
7022596866374192390,1
7007863408129215749,0
7004414493086240006,0
6821547365887905030,0
6814175723704683782,0
7584519298459176214,1
7579293926796922134,0
7540185950714875158,0
7533680078866238742,0
7529820615637847318,0
7517676181366295830,1
7490984274049469718,0
7490119511731965206,0
7481977420220779798,1
7479081271746989334,0
7478417820376812822,2
7475816575975623958,0
7471349532496842006,0
7471348371962334486,0
7470212560399109398,0
7468313844230704406,0
7438966885879696662,0
7418133778406657313,1
7415589341981986080,11
7415541670361500961,0
7414059508630031648,2
7413699830469397793,0
7413269884840267040,4
7412939421089090849,0
7410359060681297184,3
7400784701633416481,2
7379167807679761697,3
7353226118662589728,2
7344802060019256609,3
7326857703958105376,0
7324421973612825889,0
7315824288173493536,0
7296417264591441185,1
7296124478130572577,2
7296075013734616353,3
7295785443528920352,2
7294200756586958113,3
7288261263757446433,2
7278716528839626016,1
7255981234374069530,3
7246825881904139546,0
7238904736253054234,0
7219646733901450502,0
7214862934139260166,2
7214113271018753285,7
7213795540574735621,6
7210834532591963398,4
7208933349933452550,7
7208551637869268230,3
7203684040606633222,8
7183332234605268250,5
7175881254233967878,0
7171408287785782533,12
7168426884852747526,0
7158057918431120645,3
7146624079615790341,23
7123931386964184326,12
7120944943270530309,3
7116158724288400645,0
7081711774084484358,1
7079095510904229126,0
7073916316566031622,1
7065372841423801605,1
7064507087086161157,0
7060539961459641605,0
7050043192732912901,0
7042694987141745926,0
7012661937477537030,0
6994839726846971142,4
6979673025503366405,0
6963263758630194437,2
6958424996964355334,0
6922868220890254597,8
6899015791086210306,0
6896055761982639362,5
6895747396404284674,5
6895292772857826562,7
6887883845954178305,2
6883876793380572417,3
6883389583271185666,0
6876369843591941377,2
6869621825035357441,0
6864806467329903878,0
6834056379355991301,0
6798648871401819398,0
6798641094109269253,0
7551820830615899414,0
7330293520395275553,0
7323224822169750816,0
7309113734360780064,0
7307663369090207009,0
7306870694137187616,0
7306460792310877472,0
7305781724238105889,4
7299777182828645664,2
7297256040544931105,0
7279078872455384352,0
7272402191233584417,1
7265677943228075296,6
7265242959048723745,2
7264519435086466336,0
7262363967157226785,1
7261965250864467232,0
7260420548553887002,0
7225641498249891099,7
7225245362678762779,0
7224177146263063835,1
7221550036172213509,14
7214886818368490758,0
7213794863630912773,6
7210067304095173893,0
7209259784263060742,5
7208590550348434694,8
7204870147855748357,0
7200418269629582597,0
7197448084119506182,0
7197086542479854854,1
7195607365813636357,0
7193751547749223685,0
7192254185969044742,0
7191515883330669830,1
7189927984172666118,0
7185200340310969605,0
7184831364422814981,0
7184457014217657606,0
7174022295978003717,1
7161523791154236677,0
7130169267454070021,0
7125392158063955205,0
7113472331917298949,2
7078216427131473157,0
7070486062182731013,0
7050156581652106502,3
6927547229486058757,0
6913929490305420545,0
6896455617523813633,1
6894530886105042178,2
6886076315288554754,3
6885984385670122753,2
6885735124013550850,2
6880792115329142018,4
6880117942432959746,2
6875699019520298242,2
6875610422578351362,0
6860766213992090886,1
6834420537545084166,2
6825975879940820230,0
6750983141873224966,0
6739804771013774597,0
7606360801234013462,2
7603412461068291350,1
7602968538319539478,0
7594911702613773590,3
7593727684606168342,8
7593661214027156758,5
7593403675297467651,0
7592281951206133014,51
7592263862284586263,4
7590184087122660630,1
7587134900852100374,1
7587070120556580118,3
7584105481719844118,2
7583420207629225238,3
7581507576219618582,1
7580065942730738966,8
7579287270092459286,0
7577374333048196374,0
7577096797580053782,0
7577088828171734294,1
7575170897451945238,2
7575105754374458646,4
7574759080368114966,7
7572605667299708182,14
7571893908754451734,1
7571134268403895574,5
7566941841996647702,15
7566313596351778070,0
7565953021411216662,11
7564069366606679318,1
7494193739187916054,1
7493955664008498454,2
7493248933460741378,4
7485818484723567894,6
7484305196332436758,0
7483220883759303959,4
7482898265906646294,3
7480938335133863190,2
7480244111207976214,0
7476157177149803798,2
7463500754318347542,1
7459503727737687318,2
7458336545490193686,0
7451599218545970454,3
7429021024517229857,2
7421927684965502240,4
7421838132624002336,0
7418230327207939360,0
7348413567797841185,1
7345515480288922912,0
7345144791094660384,3
7342536344561896737,1
7340684346040290593,3
7338070752501026081,2
7329560864518901024,4
7327333280297127201,4
7324741085438397729,7
7319902152686718241,9
7312851563037330721,3
7302473271067397409,0
7301350531325365537,0
7298393830204640545,0
7296889866002910497,1
7296154996683410720,2
7294659855434911008,1
7294284376454532384,2
7293541624359996704,4
7293173989143366945,0
7291678102948810016,2
7290947930108857633,4
7287983702959869217,2
7286863155026808096,1
7278768931857354016,0
7264884699636469025,0
7262465807949647136,7
7239729661788359962,5
7228976565445512475,1
7221177538855423258,1
7216365794093976838,8
7215252214514715909,3
7210817231368785158,0
7210074063765638406,9
7208952610336820485,0
7207842110316268805,3
7204874673367125254,0
7204395621468392709,13
7203763760538897669,0
7203019203857665286,4
7202277032938540294,0
7199677935949778181,5
7198558888940113158,4
7198194674354457861,0
7197080264625966341,0
7194859372227480838,1
7192617192850984198,2
7190456972418862342,2
7188189006851575046,0
7187436390131453190,1
7184459390143974662,0
7183477138249485594,0
7182978974253944069,4
7177417414542429445,1
7173695147639655686,4
7172507378498260229,0
7170730138965970181,2
7168935772777614597,0
7165165100075093253,0
7162123924233358598,3
7150676745937587462,6
7145110811000835333,0
7142874586755976454,2
7141029212244233478,3
7125076892729756933,4
7122480993948159238,2
7095777172513721605,3
7094187420819803398,1
7093581650163944709,2
7090931568486763781,1
7083155569812589829,1
7082286078417259782,0
7078325137698770181,3
7076526059344104709,0
7075734573933530373,4
7073511726888635653,1
7073146702995279110,1
7069799098576112901,7
7068682786437139718,0
7068298283386506502,4
7065713702833638662,1
7063127157068844294,3
7062740749992971526,9
7061974363939261701,0
7059302103713402117,0
7058313871718714629,0
7057548200625917190,0
7057200753470950661,0
7055610539749199109,0
7054582233989958917,0
7054222416247000325,0
7051571825989422342,0
7046370407758286085,0
7043834307458141446,0
7043009038623329541,0
7042347189179403525,0
7041969079246245126,2
7041603482742230278,0
7040105390410960133,0
7039780337739730181,0
7038638363686997254,0
7037974894553894150,0
7037757089799818502,0
7037532518978964741,0
7036807584111709445,0
7028978217117682949,0
7026756047805205766,0
7025927416061250821,0
7020800251950927109,0
7018826174767942918,0
7018383080205356293,0
7001054542804667653,0
6943540424141491461,0
6935817751898426629,0
6927665892457237765,0
6796364077095472389,0
6796363351816555782,1
6795606002222796037,0
6794470373212589317,0
6793765694619143430,0
6793347939294072069,0
6792133610360065285,0
6792131260543225094,0
7597437745258073400,0
7595900789546044684,0
7593820955810598156,3
7593673061476420920,0
7586689516153343288,0
7584927758497697035,1
7580037763580415244,4
7578641094464867595,0
7577087400501857592,0
7575902535349816588,3
7570044496004533516,3
7569526874024512780,2
7565955844764863755,4
7559134249731853579,0
7553173878785297720,2
7545528304237841720,5
7537787296209259782,3
7527665793501318456,2
7524995526518000901,1
7520150754858896645,0
7517644986310020408,1
7488241037907905797,5
7479794065983147269,0
7470863926922579205,0
7463089844516965637,0
7461940902890605829,3
7426721230721453318,0
7415576931577433349,2
7349173304613162246,0
7348384350297165061,0
7346623546229099781,0
7345477638619778309,0
7341020687345192197,0
7333701921573850374,4
7332928025517903109,0
7329985883539541253,0
7329596850804100358,1
7328066217929985286,0
7325861199604665606,0
7323237610665544966,0
7320606856995523846,2
7319511492888366342,3
7267229404584037638,0
7221953102184779013,0
7217463144069844230,0
7214396955810680069,5
7207818125402852613,0
7201892299112992005,9
7199338065867934982,0
7198947136300403974,0
7197470706416815365,3
7189955800851320070,0
7189175939098561798,0
7187448552354794758,0
7185872343988702470,0
7184475894335950085,4
7182983364293430533,0
7179319229924084997,1
7176635190469512453,0
7175864609029491974,0
7174823379453644037,0
7087984641864502534,4
7087653844863208709,3
7087592356664315141,2
7086527236471311622,3
7086144769222511877,0
7086111451965869317,2
7085748815449312517,0
7085404371671846150,2
7085367737178000646,2
7084552539126926597,0
7083526112558517510,3
7083159832185933061,4
7082386924677205253,0
7082037036730813701,3
7081701013891157253,3
7081323710442917125,2
7081276473687985413,0
7080583186522098949,0
7080535307816291589,6
7079836018203020549,0
7079418950315969798,5
7079071645771500806,5
7078352231413697797,3
7077597321667546373,0
7076502785742720261,0
7076131060420988165,4
7074644027190103302,0
7073906588079246598,0
7073547434244328709,0
7073513732395044102,0
7072780188018380038,0
7072060893818899717,3
7071272326746230021,0
7070907935722917126,6
7070569241413422342,0
7070218376328563973,0
7069844079122599173,0
7068731699701484806,4
7067985901011373317,2
7067623396279930117,3
7066474035613388037,0
7065769954695564550,0
7064650116321250566,0
7064585014561754373,0
7064244808700726533,0
7063505399307144454,5
7062046390570061061,2
7061663961090936070,7
7061273234259610885,1
7060513660975844614,4
7060191695681375493,0
7059832468412583173,0
7059747853035441414,1
7059442492080491781,0
7059081815985818886,0
7058348964306783493,0
7057221943623306501,3
7056858947935915270,0
7056423267564899590,0
7054964457310539013,0
7054255399968476422,0
7053886455805955333,0
7053136217717607686,0
7041160388334980357,2
7038692809985051909,0
6980696986135710981,0
6946128715000663301,0
6945377653587266822,0
6934012329067597061,0
6926459852134845701,0
6921676134212029701,0
6918691694791691525,0
6897900291631402242,0
6895288761354112258,0
6876847536938749185,0
7598953535165959426,0
7598574537407548694,1
7597422827196763414,2
7596412614402460950,2
7594160012247797014,0
7593664206210157827,0
7591891163175554326,1
7587478416618736918,0
7586630099286510870,0
7580000663845850390,0
7578151818585328918,0
7576319921030827286,1
7575110522522144022,0
7570012092829748502,1
7566632651352853782,3
7553223847730777346,1
7523154104273915158,0
7520582757412556054,4
7495368561821535510,3
7493891893026180374,1
7491632736105450774,0
7486822725684792599,0
7483098002547100950,0
7481624954484690198,0
7477935287646063894,6
7473224176086584598,0
7471566242168491286,2
7471289820795374870,2
7470495287212084503,1
7469067273794456854,0
7466514918137728278,1
7466106459403701526,1
7465714414814137623,2
7453069595327384865,1
7447538385993895201,3
7447184186034654496,1
7446341554735828256,1
7399975638112783649,0
7390334004001639713,0
7372132003078032672,0
7351073088601148704,0
7343970143497653537,1
7341738165746634017,2
7340356860299496736,0
7333562774750088480,1
7327710709201014049,1
7323667240933444896,0
7321012358594235681,0
7319919643378912544,1
7318832237842156832,5
7315822267781467424,4
7309133635578236192,0
7307971449870994720,0
7303968237966904609,0
7297205575501270304,0
7291228337123511585,2
7286830586478578976,2
7283105183352016160,0
7274897399045246241,1
7267879991004761376,0
7261958198775532832,0
7568823330518748438,1
7546523294489414934,2
7504292781637127446,2
7462655968522931478,5
7442737337525669142,1
7348097820320173344,3
7335847049495203104,5
7289470545270279456,3
7286486663910542625,2
7185555102487416070,7
7166637213604678917,7
7156608613346184454,1
7093894381794512133,3
6980342168535846149,0
6936943102523378950,0
6923969706332327174,0
6904609211431357698,1
6800982671657880837,0
7605548189332016406,0
7582631962330893570,1
7568852433271590146,0
7567372771060124950,0
7564663320058285334,1
7564379905971178755,1
7557004748973559043,0
7557014347273276694,0
7555412968511425814,2
7543218614866906390,0
7522511822893616406,0
7517939109512449302,0
7512836614834474262,2
7495849453228657942,1
7489499424884821270,1
7478999877444226326,4
7476765597204860182,0
7474331497533836566,0
7454218208648727840,0
7441976604730936609,2
7440066420332924192,2
7325049996682759456,2
7224426315074522395,4
7176199071177215237,0
7174339271141100806,3
7165886702580403462,0
7156562442829466886,1
7140222885389536517,0
7128353863966444806,7
7099406976437718278,0
7093804812864670981,0
7018111226760776966,2
6920160579424488710,3
7447512835350859040,4
7546473791115791638,5
7485301680930688278,9
7469703437299551510,2
7457582868370296096,1
7456310839121874198,2
7442349120498519329,0
7441997259060825377,0
7440142040542825760,0
7431962598909791521,0
7403329560554523936,1
7401388090830359841,0
7391756601100651809,2
7375160946618076449,0
7372534191776386336,0
7371791896622173473,0
7369613653626113313,1
7368427984539127073,1
7362544046675447073,1
7360309213765045536,0
7357646734354304289,0
7341290377858567456,1
7334381637586652448,4
7325097832015203617,7
7322488817968041249,1
7319074307202616609,3
7309856299632676129,5
7305093445926915361,0
7304376408191683872,4
7302809103150206241,1
7297529063785123104,3
7293822418068442400,0
7289368885390806304,2
7286488221893020960,7
7285720218360368417,8
7281651537124871456,6
7277097435090930977,0
7275592243086478624,0
7271545826923531552,1
7270778269899722016,0
7263464155540147489,3
7262720109133794592,0
7257181704241024282,4
7257040734174465307,3
7255302948413099290,4
7250555651993160987,3
7250141865645788443,1
7249004039688572186,2
7248301740670323995,0
7238653863794887962,3
7234190958772882715,0
7231978849448381722,0
7231163731080711450,0
7228647012009282842,5
7222319662787202310,0
7220765448000900357,6
7220074643086904581,0
7212710657672678661,0
7205658829403458821,0
7200056336321613062,3
7193034087660031237,0
7191012677869702405,7
7187830945658031365,0
7180437054843538693,0
7178804187403259142,0
7140150980246719750,1
7128322715894729989,0
7111254884971744518,0
7080140185001938181,0
7044841251262237958,0
6956567938891599109,0
7564461685881179414,0
7557772009510358294,0
7555487310297533718,0
7549615777326877974,0
7526570162976328982,0
7504006062559776022,0
7487276696215817494,0
7474265267783208214,0
7447956995182759190,0
7446821670133845270,0
7442685576798604566,1
7441958558054337825,2
7189528219425590534,0
7169218120916208902,5
7156614323194875141,0
7141371845248437510,0
7141370905153850629,4
7511357874082286870,1
7446804107312008470,0
7440140885246971169,2
7391879654983912736,0
7391169699821669665,0
7391036925550906657,0
7372567531258727712,2
7369623012087172384,0
7366182227119525152,1
7289115441602088225,2
7205617494143339782,1
7166666264092413190,0
7128317775524777222,0
7124683160218029317,1
7108626212104178949,0
7082772534126513414,0
7072437259127098630,0
6955020730140544261,0
7462409528211033366,0
7582501864428604694,0
7567318876392901910,1
7550653411583102230,2
7546552028168719638,0
7543616748017241366,0
7514333529551949078,0
7476738167522053398,2
7462724279965125920,0
7461582150937169174,0
7457889721201577248,0
7447835163444235552,0
7446787674863684886,0
7391769807764458784,0
7383600515478736161,0
7345850735894072609,0
7345753568462261537,0
7338875309913017633,0
7338777101547490593,1
7338699162768149792,0
7334752917439712545,0
7334339873127632161,2
7322495223089712416,2
7319092525329829153,0
7312547480120380705,0
7309783088618409248,0
7231544878478445850,1
7229679892399426842,1
7196211164093631749,5
7178872221375548677,0
7168038506772679942,0
7163303756447223045,7
7158447069152300293,6
7156881114106170630,4
7075005822228499717,3
7069326966159084806,0
6980260193653378309,0
6978753193882832133,0
7488659236717628694,2
7462683592603340054,3
7447927530448915735,2
7407351220127419681,0
7391864864840387872,0
7335855508873694496,0
7315068001533840672,4
7307282681899896096,5
7259698322791795995,1
7605520662588902678,0
7564704328649428246,2
7550598568415874326,0
7495704452696116503,8
7441982856659815713,0
7431510658845379872,2
7299062448965946657,0
7262807521008635168,1
7044982077288189190,3
7027511633060695301,2
7022925491963481349,2
7022178037378731270,2
7014868849635904773,0
7011522309198515462,2
7479481184100044054,2
7456392986897730838,0
7442009228555930913,3
7341346159023246624,2
7325106846744743200,0
7270891504346942753,3
7254929536557567259,3
7187762825270463750,1
7167309818519227653,7
7167292362857794821,1
7167014945626787078,1
7162439514428919046,3
7161744414979771653,0
7159544328061275397,5
7111379317900332293,2
6964763152974187781,3
6936835146301672709,7
6930236006654364934,0
6923976137928445190,0
6923235061999373574,0
6891319697220898050,2
6879407335484214530,0
6864458828012899589,0
7457876496447819030,0
7299132149167361312,1
7285669773030001953,0
7263460179461688609,9
7262728753778822433,0
7223410372462611738,7
7208220006314773765,6
7200112331873897733,0
7194501630111272197,0
7185555796443270405,6
7159621444312288517,3
7157021341361753349,6
6923258085528112390,0
6915045654997912833,0
6878219367390268673,0
6768860777525824773,0
6764678537346616582,0
7582921759985356054,0
7581205344420924694,0
7579578853308337430,5
7564712687565802774,11
7487328540497628438,2
7461615118414073110,0
7454233566264855831,2
7442235405757336864,0
7403421764769926432,0
7377811070636920096,0
7335861253551787297,7
7322502255616314656,3
7312484712440745249,1
7305435593499086112,7
7304326742255209761,3
7300112308179701025,3
7289092371030002977,12
7288720379772800288,6
7280925746183408928,0
7223430604547837210,13
7206342637316607237,2
7197824225988726021,2
7194484239583284486,7
7181124364987895046,4
7180392341839105286,6
7178897418107358469,2
7169238545779952902,0
7167386112040684805,3
7165908407793372422,0
7158468268074749189,3
7080915608727997701,1
7074987594026700038,0
7050500563045338374,2
7049689395460312326,8
6937251547290045701,0
6797039273053850886,0
7582952363116268812,3
7561497104322022667,3
7540672667704118533,2
7457617290348072197,9
7339952469901970693,0
7338825965419662598,1
7334734613429882117,2
7334309352062405893,18
7325113581249301766,2
7206417246502046981,0
7186344254921280773,2
7180432290151959814,0
7175115192966106374,0
7083930192657353990,0
7083882172154645765,0
7082815811529805062,3
7080188060561837318,0
7075406881111444742,1
7072415750589254918,1
7066872454249073925,1
7064977105032858885,11
7062415851231677702,0
7058664802880589062,0
6980319450687868166,0
6942166804311575814,0
6923874728902003973,0
7606743080678591766,0
7604101089775865110,2
7582254546236230934,0
7559557230903774486,2
7546567057056353558,1
7517987561692794134,0
7507578375586712854,0
7476865863409257750,0
7457587495031606560,2
7450183993355488545,1
7442354645382532385,0
7338778286597655840,2
7325457714312727840,1
7322420132649749793,1
7321436866287373600,1
7312523032025730337,0
7305425778076880161,3
7304272406548319520,0
